{
	"fumetti":{
		"fumetto1":{
			"seriale": "000000000000000",
			"titolo" :  "NARUTO 048",
			"prezzo" : 4.5,
			"quantità" : 10,
			"descrizione" : "",
			"scrittore" : "Masashi Kishimoto",
			"numPagine" : 192,
			"disegnatore" : "Masashi Kishimoto",
			"categoria" : "manga"
		},


	"fumetto2":{
			"seriale": "000000000000000",
			"titolo" :  "NARUTO 048",
			"prezzo" : 4.5,
			"quantità" : 10,
			"descrizione" : "",
			"scrittore" : "Masashi Kishimoto",
			"numPagine" : 192,
			"disegnatore" : "Masashi Kishimoto",
			"categoria" : "manga"
		},


	"fumetto3":{
			"seriale": "000000000000000",
			"titolo" :  "NARUTO 048",
			"prezzo" : 4.5,
			"quantità" : 10,
			"descrizione" : "",
			"scrittore" : "Masashi Kishimoto",
			"numPagine" : 192,
			"disegnatore" : "Masashi Kishimoto",
			"categoria" : "manga"
		}
	}
}